id;codMaquina;ordemProducao;dataHora;distancia;folhas;data
1;maq001;OP00123;2025-06-13 21:52:44;2.0;0;2025-06-13
2;maq001;OP00123;2025-06-13 21:52:45;2.0;0;2025-06-13
3;maq001;OP00123;2025-06-13 21:52:45;2.0;0;2025-06-13
4;maq001;OP00123;2025-06-13 21:52:46;2.0;0;2025-06-13
5;maq001;OP00123;2025-06-13 21:52:46;2.0;0;2025-06-13
6;maq001;OP00123;2025-06-13 21:52:47;2.0;0;2025-06-13
7;maq001;OP00123;2025-06-13 21:52:47;2.0;0;2025-06-13
8;maq001;OP00123;2025-06-13 21:52:48;2.0;0;2025-06-13
9;maq001;OP00123;2025-06-13 21:52:48;2.0;0;2025-06-13
10;maq001;OP00123;2025-06-13 21:52:49;2.0;0;2025-06-13
11;maq001;OP00123;2025-06-13 21:52:49;2.0;0;2025-06-13
12;maq001;OP00123;2025-06-13 21:52:50;2.0;0;2025-06-13
13;maq001;OP00123;2025-06-13 21:52:50;2.0;0;2025-06-13
14;maq001;OP00123;2025-06-13 21:52:51;2.0;0;2025-06-13
15;maq001;OP00123;2025-06-13 21:52:51;2.0;0;2025-06-13
16;maq001;OP00123;2025-06-13 21:52:52;2.0;0;2025-06-13
17;maq001;OP00123;2025-06-13 21:52:52;2.0;0;2025-06-13
18;maq001;OP00123;2025-06-13 21:52:53;2.0;0;2025-06-13
19;maq001;OP00123;2025-06-13 21:52:53;2.0;0;2025-06-13
20;maq001;OP00123;2025-06-13 21:52:54;53.0;0;2025-06-13
21;maq001;OP00123;2025-06-13 21:52:54;194.0;0;2025-06-13
22;maq001;OP00123;2025-06-13 21:52:55;340.9;0;2025-06-13
23;maq001;OP00123;2025-06-13 21:52:55;397.9;0;2025-06-13
24;maq001;OP00123;2025-06-13 21:52:56;278.0;0;2025-06-13
25;maq001;OP00123;2025-06-13 21:52:56;119.9;0;2025-06-13
26;maq001;OP00123;2025-06-13 21:52:57;46.0;0;2025-06-13
27;maq001;OP00123;2025-06-13 21:52:57;2.0;1;2025-06-13
28;maq001;OP00123;2025-06-13 21:52:58;74.0;1;2025-06-13
29;maq001;OP00123;2025-06-13 21:52:58;169.0;1;2025-06-13
30;maq001;OP00123;2025-06-13 21:52:59;340.9;1;2025-06-13
31;maq001;OP00123;2025-06-13 21:52:59;399.9;1;2025-06-13
32;maq001;OP00123;2025-06-13 21:53:00;275.0;1;2025-06-13
33;maq001;OP00123;2025-06-13 21:53:00;150.9;1;2025-06-13
34;maq001;OP00123;2025-06-13 21:53:01;84.0;1;2025-06-13
35;maq001;OP00123;2025-06-13 21:53:01;28.0;1;2025-06-13
36;maq001;OP00123;2025-06-13 21:53:02;2.0;2;2025-06-13
37;maq001;OP00123;2025-06-13 21:53:02;91.0;2;2025-06-13
38;maq001;OP00123;2025-06-13 21:53:03;253.0;2;2025-06-13
39;maq001;OP00123;2025-06-13 21:53:03;351.9;2;2025-06-13
40;maq001;OP00123;2025-06-13 21:53:04;376.9;2;2025-06-13
41;maq001;OP00123;2025-06-13 21:53:05;208.0;2;2025-06-13
42;maq001;OP00123;2025-06-13 21:53:05;101.9;2;2025-06-13
43;maq001;OP00123;2025-06-13 21:53:06;2.0;3;2025-06-13
44;maq001;OP00123;2025-06-13 21:53:06;3.0;3;2025-06-13
45;maq001;OP00123;2025-06-13 21:53:07;127.0;3;2025-06-13
46;maq001;OP00123;2025-06-13 21:53:07;267.0;3;2025-06-13
47;maq001;OP00123;2025-06-13 21:53:08;359.0;3;2025-06-13
48;maq001;OP00123;2025-06-13 21:53:08;399.9;3;2025-06-13
49;maq001;OP00123;2025-06-13 21:53:09;348.0;3;2025-06-13
50;maq001;OP00123;2025-06-13 21:53:09;229.0;3;2025-06-13
51;maq001;OP00123;2025-06-13 21:53:10;113.1;3;2025-06-13
52;maq001;OP00123;2025-06-13 21:53:10;60.0;3;2025-06-13
53;maq001;OP00123;2025-06-13 21:53:11;2.0;4;2025-06-13
54;maq001;OP00123;2025-06-13 21:53:11;127.0;4;2025-06-13
55;maq001;OP00123;2025-06-13 21:53:12;259.9;4;2025-06-13
56;maq001;OP00123;2025-06-13 21:53:12;340.9;4;2025-06-13
57;maq001;OP00123;2025-06-13 21:53:13;399.9;4;2025-06-13
58;maq001;OP00123;2025-06-13 21:53:13;399.9;4;2025-06-13
59;maq001;OP00123;2025-06-13 21:53:14;399.9;4;2025-06-13
60;maq001;OP00123;2025-06-13 21:53:14;397.9;4;2025-06-13
61;maq001;OP00123;2025-06-13 21:53:15;319.9;4;2025-06-13
62;maq001;OP00123;2025-06-13 21:53:15;222.0;4;2025-06-13
63;maq001;OP00123;2025-06-13 21:53:16;140.9;4;2025-06-13
64;maq001;OP00123;2025-06-13 21:53:16;21.0;4;2025-06-13
65;maq001;OP00123;2025-06-13 21:53:17;56.0;4;2025-06-13
66;maq001;OP00123;2025-06-13 21:53:17;137.0;4;2025-06-13
67;maq001;OP00123;2025-06-13 21:53:18;196.9;4;2025-06-13
68;maq001;OP00123;2025-06-13 21:53:18;296.0;4;2025-06-13
69;maq001;OP00123;2025-06-13 21:53:19;399.9;4;2025-06-13
70;maq001;OP00123;2025-06-13 21:53:19;399.9;4;2025-06-13
71;maq001;OP00123;2025-06-13 21:53:20;390.9;4;2025-06-13
72;maq001;OP00123;2025-06-13 21:53:20;288.9;4;2025-06-13
73;maq001;OP00123;2025-06-13 21:53:21;137.0;4;2025-06-13
74;maq001;OP00123;2025-06-13 21:53:22;14.0;4;2025-06-13
75;maq001;OP00123;2025-06-13 21:53:22;2.0;5;2025-06-13
76;maq001;OP00123;2025-06-13 21:53:23;46.0;5;2025-06-13
77;maq001;OP00123;2025-06-13 21:53:23;127.0;5;2025-06-13
78;maq001;OP00123;2025-06-13 21:53:24;351.9;5;2025-06-13
79;maq001;OP00123;2025-06-13 21:53:24;400.0;5;2025-06-13
80;maq001;OP00123;2025-06-13 21:53:25;399.9;5;2025-06-13
81;maq001;OP00123;2025-06-13 21:53:25;267.0;5;2025-06-13
82;maq001;OP00123;2025-06-13 21:53:26;77.0;5;2025-06-13
83;maq001;OP00123;2025-06-13 21:53:26;2.0;6;2025-06-13
84;maq001;OP00123;2025-06-13 21:53:27;2.0;6;2025-06-13
85;maq001;OP00123;2025-06-13 21:53:27;2.0;6;2025-06-13
86;maq001;OP00123;2025-06-13 21:53:28;2.0;6;2025-06-13
87;maq001;OP00123;2025-06-13 21:53:28;218.0;6;2025-06-13
88;maq001;OP00123;2025-06-13 21:53:29;399.9;6;2025-06-13
89;maq001;OP00123;2025-06-13 21:53:29;400.0;6;2025-06-13
90;maq001;OP00123;2025-06-13 21:53:30;399.9;6;2025-06-13
91;maq001;OP00123;2025-06-13 21:53:30;144.0;6;2025-06-13
92;maq001;OP00123;2025-06-13 21:53:31;2.0;7;2025-06-13
93;maq001;OP00123;2025-06-13 21:53:31;2.0;7;2025-06-13
94;maq001;OP00123;2025-06-13 21:53:32;218.0;7;2025-06-13
95;maq001;OP00123;2025-06-13 21:53:32;309.9;7;2025-06-13
96;maq001;OP00123;2025-06-13 21:53:33;400.0;7;2025-06-13
97;maq001;OP00123;2025-06-13 21:53:33;399.9;7;2025-06-13
98;maq001;OP00123;2025-06-13 21:53:34;296.0;7;2025-06-13
99;maq001;OP00123;2025-06-13 21:53:34;130.0;7;2025-06-13
100;maq001;OP00123;2025-06-13 21:53:35;39.0;7;2025-06-13
101;maq001;OP00123;2025-06-13 21:53:35;2.0;8;2025-06-13
102;maq001;OP00123;2025-06-13 21:53:36;2.0;8;2025-06-13
103;maq001;OP00123;2025-06-13 22:54:29;387.0;0;2025-06-13
104;maq001;OP00123;2025-06-13 22:54:30;386.9;0;2025-06-13
105;maq001;OP00123;2025-06-13 22:54:30;386.9;0;2025-06-13
106;maq001;OP00123;2025-06-13 22:54:31;386.9;0;2025-06-13
107;maq001;OP00123;2025-06-13 22:54:31;386.9;0;2025-06-13
108;maq001;OP00123;2025-06-13 22:54:32;386.9;0;2025-06-13
109;maq001;OP00123;2025-06-13 22:54:32;386.9;0;2025-06-13
110;maq001;OP00123;2025-06-13 22:54:33;386.9;0;2025-06-13
111;maq001;OP00123;2025-06-13 22:54:33;386.9;0;2025-06-13
112;maq001;OP00123;2025-06-13 22:54:34;386.9;0;2025-06-13
113;maq001;OP00123;2025-06-13 22:54:34;386.9;0;2025-06-13
114;maq001;OP00123;2025-06-13 22:54:35;386.9;0;2025-06-13
115;maq001;OP00123;2025-06-13 22:54:35;384.0;0;2025-06-13
116;maq001;OP00123;2025-06-13 22:54:36;66.9;0;2025-06-13
117;maq001;OP00123;2025-06-13 22:54:36;2.0;1;2025-06-13
118;maq001;OP00123;2025-06-13 22:54:37;113.1;1;2025-06-13
119;maq001;OP00123;2025-06-13 22:54:37;282.0;1;2025-06-13
120;maq001;OP00123;2025-06-13 22:54:38;399.9;1;2025-06-13
121;maq001;OP00123;2025-06-13 22:54:38;313.0;1;2025-06-13
122;maq001;OP00123;2025-06-13 22:54:39;77.0;1;2025-06-13
123;maq001;OP00123;2025-06-13 22:54:39;2.0;2;2025-06-13
124;maq001;OP00123;2025-06-13 22:54:40;133.9;2;2025-06-13
125;maq001;OP00123;2025-06-13 22:54:40;305.9;2;2025-06-13
126;maq001;OP00123;2025-06-13 22:54:41;393.9;2;2025-06-13
127;maq001;OP00123;2025-06-13 22:54:41;275.0;2;2025-06-13
128;maq001;OP00123;2025-06-13 22:54:42;108.9;2;2025-06-13
129;maq001;OP00123;2025-06-13 22:54:42;2.0;3;2025-06-13
130;maq001;OP00123;2025-06-13 22:54:43;183.0;3;2025-06-13
131;maq001;OP00123;2025-06-13 22:54:44;362.9;3;2025-06-13
132;maq001;OP00123;2025-06-13 22:54:44;399.9;3;2025-06-13
133;maq001;OP00123;2025-06-13 22:54:45;229.0;3;2025-06-13
134;maq001;OP00123;2025-06-13 22:54:45;81.0;3;2025-06-13
135;maq001;OP00123;2025-06-13 22:54:46;2.0;4;2025-06-13
136;maq001;OP00123;2025-06-13 22:54:46;208.0;4;2025-06-13
137;maq001;OP00123;2025-06-13 22:54:47;362.9;4;2025-06-13
138;maq001;OP00123;2025-06-13 22:54:47;326.9;4;2025-06-13
139;maq001;OP00123;2025-06-13 22:54:48;185.9;4;2025-06-13
140;maq001;OP00123;2025-06-13 22:54:48;17.0;4;2025-06-13
141;maq001;OP00123;2025-06-13 22:54:49;161.9;4;2025-06-13
142;maq001;OP00123;2025-06-13 22:54:49;344.9;4;2025-06-13
143;maq001;OP00123;2025-06-13 22:54:50;399.9;4;2025-06-13
144;maq001;OP00123;2025-06-13 22:54:50;196.9;4;2025-06-13
145;maq001;OP00123;2025-06-13 22:54:51;2.0;5;2025-06-13
146;maq001;OP00123;2025-06-13 22:54:51;87.9;5;2025-06-13
147;maq001;OP00123;2025-06-13 22:54:52;282.0;5;2025-06-13
148;maq001;OP00123;2025-06-13 22:54:52;386.9;5;2025-06-13
149;maq001;OP00123;2025-06-13 22:54:53;185.9;5;2025-06-13
150;maq001;OP00123;2025-06-13 22:54:53;2.0;6;2025-06-13
151;maq001;OP00123;2025-06-13 22:54:54;2.0;6;2025-06-13
152;maq001;OP00123;2025-06-13 22:56:24;2.0;0;2025-06-13
153;maq001;OP00123;2025-06-13 22:56:25;2.0;0;2025-06-13
154;maq001;OP00123;2025-06-13 22:56:25;2.0;0;2025-06-13
155;maq001;OP00123;2025-06-13 22:56:26;2.0;0;2025-06-13
156;maq001;OP00123;2025-06-13 22:56:26;2.0;0;2025-06-13
157;maq001;OP00123;2025-06-13 22:56:27;2.0;0;2025-06-13
158;maq001;OP00123;2025-06-13 22:56:27;17.0;0;2025-06-13
159;maq001;OP00123;2025-06-13 22:56:28;148.0;0;2025-06-13
160;maq001;OP00123;2025-06-13 22:56:28;399.9;0;2025-06-13
161;maq001;OP00123;2025-06-13 22:56:29;399.9;0;2025-06-13
162;maq001;OP00123;2025-06-13 22:56:30;383.9;0;2025-06-13
163;maq001;OP00123;2025-06-13 22:56:30;313.0;0;2025-06-13
164;maq001;OP00123;2025-06-13 22:56:31;165.0;0;2025-06-13
165;maq001;OP00123;2025-06-13 22:56:31;190.0;0;2025-06-13
166;maq001;OP00123;2025-06-13 22:56:32;397.9;0;2025-06-13
167;maq001;OP00123;2025-06-13 22:56:32;400.0;0;2025-06-13
168;maq001;OP00123;2025-06-13 22:56:33;399.9;0;2025-06-13
169;maq001;OP00123;2025-06-13 22:56:33;399.9;0;2025-06-13
170;maq001;OP00123;2025-06-13 22:56:34;399.9;0;2025-06-13
171;maq001;OP00123;2025-06-13 22:56:34;400.0;0;2025-06-13
172;maq001;OP00123;2025-06-13 22:56:35;399.9;0;2025-06-13
173;maq001;OP00123;2025-06-13 22:56:35;399.9;0;2025-06-13
174;maq001;OP00123;2025-06-13 22:56:36;390.9;0;2025-06-13
175;maq001;OP00123;2025-06-13 22:56:36;370.0;0;2025-06-13
176;maq001;OP00123;2025-06-13 22:56:37;399.9;0;2025-06-13
177;maq001;OP00123;2025-06-13 22:56:37;399.9;0;2025-06-13
178;maq001;OP00123;2025-06-13 22:56:38;399.9;0;2025-06-13
179;maq001;OP00123;2025-06-13 22:56:38;363.0;0;2025-06-13
180;maq001;OP00123;2025-06-13 22:56:39;215.0;0;2025-06-13
181;maq001;OP00123;2025-06-13 22:56:39;35.0;0;2025-06-13
182;maq001;OP00123;2025-06-13 22:56:40;14.0;0;2025-06-13
183;maq001;OP00123;2025-06-13 22:56:40;119.9;0;2025-06-13
184;maq001;OP00123;2025-06-13 22:56:41;222.0;0;2025-06-13
185;maq001;OP00123;2025-06-13 22:56:41;362.9;0;2025-06-13
186;maq001;OP00123;2025-06-13 22:56:42;399.9;0;2025-06-13
187;maq001;OP00123;2025-06-13 22:56:43;275.0;0;2025-06-13
188;maq001;OP00123;2025-06-13 22:56:43;175.9;0;2025-06-13
189;maq001;OP00123;2025-06-13 22:56:44;2.0;1;2025-06-13
190;maq001;OP00123;2025-06-13 22:56:44;161.9;1;2025-06-13
191;maq001;OP00123;2025-06-13 22:56:45;323.9;1;2025-06-13
192;maq001;OP00123;2025-06-13 22:56:45;399.9;1;2025-06-13
193;maq001;OP00123;2025-06-13 22:56:46;317.0;1;2025-06-13
194;maq001;OP00123;2025-06-13 22:56:46;225.0;1;2025-06-13
195;maq001;OP00123;2025-06-13 22:56:47;119.9;1;2025-06-13
196;maq001;OP00123;2025-06-13 22:56:47;2.0;2;2025-06-13
197;maq001;OP00123;2025-06-13 22:56:48;108.9;2;2025-06-13
198;maq001;OP00123;2025-06-13 22:56:48;204.0;2;2025-06-13
199;maq001;OP00123;2025-06-13 22:56:49;292.0;2;2025-06-13
200;maq001;OP00123;2025-06-13 22:56:49;399.9;2;2025-06-13
201;maq001;OP00123;2025-06-13 22:56:50;267.0;2;2025-06-13
202;maq001;OP00123;2025-06-13 22:56:50;148.0;2;2025-06-13
203;maq001;OP00123;2025-06-13 22:56:51;2.0;3;2025-06-13
204;maq001;OP00123;2025-06-13 22:56:51;28.0;3;2025-06-13
205;maq001;OP00123;2025-06-13 22:56:52;123.0;3;2025-06-13
206;maq001;OP00123;2025-06-13 22:56:52;275.0;3;2025-06-13
207;maq001;OP00123;2025-06-13 22:56:53;355.9;3;2025-06-13
208;maq001;OP00123;2025-06-13 22:56:53;372.9;3;2025-06-13
209;maq001;OP00123;2025-06-13 22:56:54;229.0;3;2025-06-13
210;maq001;OP00123;2025-06-13 22:56:54;105.0;3;2025-06-13
211;maq001;OP00123;2025-06-13 22:56:55;2.0;4;2025-06-13
212;maq001;OP00123;2025-06-13 22:56:55;101.9;4;2025-06-13
213;maq001;OP00123;2025-06-13 22:56:56;225.0;4;2025-06-13
214;maq001;OP00123;2025-06-13 22:56:56;344.9;4;2025-06-13
215;maq001;OP00123;2025-06-13 22:56:57;399.9;4;2025-06-13
216;maq001;OP00123;2025-06-13 22:56:57;299.0;4;2025-06-13
217;maq001;OP00123;2025-06-13 22:56:58;194.0;4;2025-06-13
218;maq001;OP00123;2025-06-13 22:56:58;91.0;4;2025-06-13
219;maq001;OP00123;2025-06-13 22:56:59;14.0;4;2025-06-13
220;maq001;OP00123;2025-06-13 22:56:59;155.0;4;2025-06-13
221;maq001;OP00123;2025-06-13 22:57:00;302.9;4;2025-06-13
222;maq001;OP00123;2025-06-13 22:57:00;399.9;4;2025-06-13
223;maq001;OP00123;2025-06-13 22:57:01;348.0;4;2025-06-13
224;maq001;OP00123;2025-06-13 22:57:02;185.9;4;2025-06-13
225;maq001;OP00123;2025-06-13 22:57:02;31.0;4;2025-06-13
226;maq001;OP00123;2025-06-13 22:57:03;7.0;5;2025-06-13
227;maq001;OP00123;2025-06-13 22:57:03;150.9;5;2025-06-13
228;maq001;OP00123;2025-06-13 22:57:04;245.9;5;2025-06-13
229;maq001;OP00123;2025-06-13 22:57:04;355.9;5;2025-06-13
230;maq001;OP00123;2025-06-13 22:57:05;399.9;5;2025-06-13
231;maq001;OP00123;2025-06-13 22:57:05;238.9;5;2025-06-13
232;maq001;OP00123;2025-06-13 22:57:06;116.0;5;2025-06-13
233;maq001;OP00123;2025-06-13 22:57:06;10.0;6;2025-06-13
234;maq001;OP00123;2025-06-13 22:57:07;35.0;6;2025-06-13
235;maq001;OP00123;2025-06-13 22:57:07;215.0;6;2025-06-13
236;maq001;OP00123;2025-06-13 22:57:08;366.0;6;2025-06-13
237;maq001;OP00123;2025-06-13 22:57:08;397.9;6;2025-06-13
238;maq001;OP00123;2025-06-13 22:57:09;250.0;6;2025-06-13
239;maq001;OP00123;2025-06-13 22:57:09;133.9;6;2025-06-13
240;maq001;OP00123;2025-06-13 22:57:10;2.0;7;2025-06-13
241;maq001;OP00123;2025-06-13 22:57:10;2.0;7;2025-06-13
242;maq001;OP00124;2025-06-13 22:57:57;2.0;0;2025-06-13
243;maq001;OP00124;2025-06-13 22:57:58;2.0;0;2025-06-13
244;maq001;OP00124;2025-06-13 22:57:58;2.0;0;2025-06-13
245;maq001;OP00124;2025-06-13 22:57:59;2.0;0;2025-06-13
246;maq001;OP00124;2025-06-13 22:57:59;2.0;0;2025-06-13
247;maq001;OP00124;2025-06-13 22:58:00;2.0;0;2025-06-13
248;maq001;OP00124;2025-06-13 22:58:00;2.0;0;2025-06-13
249;maq001;OP00124;2025-06-13 22:58:01;3.0;0;2025-06-13
250;maq001;OP00124;2025-06-13 22:58:01;242.9;0;2025-06-13
251;maq001;OP00124;2025-06-13 22:58:02;372.9;0;2025-06-13
252;maq001;OP00124;2025-06-13 22:58:02;399.9;0;2025-06-13
253;maq001;OP00124;2025-06-13 22:58:03;299.0;0;2025-06-13
254;maq001;OP00124;2025-06-13 22:58:03;123.0;0;2025-06-13
255;maq001;OP00124;2025-06-13 22:58:04;2.0;1;2025-06-13
256;maq001;OP00124;2025-06-13 22:58:04;39.0;1;2025-06-13
257;maq001;OP00124;2025-06-13 22:58:05;169.0;1;2025-06-13
258;maq001;OP00124;2025-06-13 22:58:05;337.9;1;2025-06-13
259;maq001;OP00124;2025-06-13 22:58:06;399.9;1;2025-06-13
260;maq001;OP00124;2025-06-13 22:58:06;204.0;1;2025-06-13
261;maq001;OP00124;2025-06-13 22:58:07;2.0;2;2025-06-13
262;maq001;OP00124;2025-06-13 22:58:07;66.9;2;2025-06-13
263;maq001;OP00124;2025-06-13 22:58:08;225.0;2;2025-06-13
264;maq001;OP00124;2025-06-13 22:58:08;400.0;2;2025-06-13
265;maq001;OP00124;2025-06-13 22:58:09;282.0;2;2025-06-13
266;maq001;OP00124;2025-06-13 22:58:09;101.9;2;2025-06-13
267;maq001;OP00124;2025-06-13 22:58:10;2.0;3;2025-06-13
268;maq001;OP00124;2025-06-13 22:58:10;169.0;3;2025-06-13
269;maq001;OP00124;2025-06-13 22:58:11;323.9;3;2025-06-13
270;maq001;OP00124;2025-06-13 22:58:11;399.9;3;2025-06-13
271;maq001;OP00124;2025-06-13 22:58:12;222.0;3;2025-06-13
272;maq001;OP00124;2025-06-13 22:58:12;66.9;3;2025-06-13
273;maq001;OP00124;2025-06-13 22:58:13;2.0;4;2025-06-13
274;maq001;OP00124;2025-06-13 22:58:13;194.0;4;2025-06-13
275;maq001;OP00124;2025-06-13 22:58:14;359.0;4;2025-06-13
276;maq001;OP00124;2025-06-13 22:58:15;397.9;4;2025-06-13
277;maq001;OP00124;2025-06-13 22:58:15;123.0;4;2025-06-13
278;maq001;OP00124;2025-06-13 22:58:16;28.0;4;2025-06-13
279;maq001;OP00124;2025-06-13 22:58:16;60.0;4;2025-06-13
280;maq001;OP00124;2025-06-13 22:58:17;207.9;4;2025-06-13
281;maq001;OP00124;2025-06-13 22:58:17;362.9;4;2025-06-13
282;maq001;OP00124;2025-06-13 22:58:18;386.9;4;2025-06-13
283;maq001;OP00124;2025-06-13 22:58:18;211.0;4;2025-06-13
284;maq001;OP00124;2025-06-13 22:58:19;56.0;4;2025-06-13
285;maq001;OP00124;2025-06-13 22:58:19;2.0;5;2025-06-13
286;maq001;OP00124;2025-06-13 22:58:20;161.9;5;2025-06-13
287;maq001;OP00124;2025-06-13 22:58:20;306.0;5;2025-06-13
288;maq001;OP00124;2025-06-13 22:58:21;400.0;5;2025-06-13
289;maq001;OP00124;2025-06-13 22:58:21;278.0;5;2025-06-13
290;maq001;OP00124;2025-06-13 22:58:22;113.1;5;2025-06-13
291;maq001;OP00124;2025-06-13 22:58:22;10.0;6;2025-06-13
292;maq001;OP00124;2025-06-13 22:58:23;165.0;6;2025-06-13
293;maq001;OP00124;2025-06-13 22:58:23;259.9;6;2025-06-13
294;maq001;OP00124;2025-06-13 22:58:24;370.0;6;2025-06-13
295;maq001;OP00124;2025-06-13 22:58:24;326.9;6;2025-06-13
296;maq001;OP00124;2025-06-13 22:58:25;158.0;6;2025-06-13
297;maq001;OP00124;2025-06-13 22:58:25;2.0;7;2025-06-13
298;maq001;OP00124;2025-06-13 22:58:26;148.0;7;2025-06-13
299;maq001;OP00124;2025-06-13 22:58:26;263.9;7;2025-06-13
300;maq001;OP00124;2025-06-13 22:58:27;393.9;7;2025-06-13
301;maq001;OP00124;2025-06-13 22:58:27;366.0;7;2025-06-13
302;maq002;OP00224;2025-06-13 23:13:08;365.9;0;2025-06-13
303;maq002;OP00224;2025-06-13 23:13:09;366.0;0;2025-06-13
304;maq002;OP00224;2025-06-13 23:13:09;366.0;0;2025-06-13
305;maq002;OP00224;2025-06-13 23:13:10;366.0;0;2025-06-13
306;maq002;OP00224;2025-06-13 23:13:10;365.9;0;2025-06-13
307;maq002;OP00224;2025-06-13 23:13:11;366.0;0;2025-06-13
308;maq002;OP00224;2025-06-13 23:13:11;218.0;0;2025-06-13
309;maq002;OP00224;2025-06-13 23:13:12;46.0;0;2025-06-13
310;maq002;OP00224;2025-06-13 23:13:12;2.0;1;2025-06-13
311;maq002;OP00224;2025-06-13 23:13:13;70.0;1;2025-06-13
312;maq002;OP00224;2025-06-13 23:13:14;148.0;1;2025-06-13
313;maq002;OP00224;2025-06-13 23:13:14;215.0;1;2025-06-13
314;maq002;OP00224;2025-06-13 23:13:15;299.0;1;2025-06-13
315;maq002;OP00224;2025-06-13 23:13:15;376.9;1;2025-06-13
316;maq002;OP00224;2025-06-13 23:13:16;397.9;1;2025-06-13
317;maq002;OP00224;2025-06-13 23:13:16;359.0;1;2025-06-13
318;maq002;OP00224;2025-06-13 23:13:17;327.0;1;2025-06-13
319;maq002;OP00224;2025-06-13 23:13:17;270.9;1;2025-06-13
320;maq002;OP00224;2025-06-13 23:13:18;215.0;1;2025-06-13
321;maq002;OP00224;2025-06-13 23:13:18;175.9;1;2025-06-13
322;maq002;OP00224;2025-06-13 23:13:19;133.9;1;2025-06-13
323;maq002;OP00224;2025-06-13 23:13:19;77.0;1;2025-06-13
324;maq002;OP00224;2025-06-13 23:13:20;28.0;1;2025-06-13
325;maq002;OP00224;2025-06-13 23:13:20;10.0;2;2025-06-13
326;maq002;OP00224;2025-06-13 23:13:21;101.9;2;2025-06-13
327;maq002;OP00224;2025-06-13 23:13:21;175.9;2;2025-06-13
328;maq002;OP00224;2025-06-13 23:13:22;232.1;2;2025-06-13
329;maq002;OP00224;2025-06-13 23:13:22;278.0;2;2025-06-13
330;maq002;OP00224;2025-06-13 23:13:23;355.9;2;2025-06-13
331;maq002;OP00224;2025-06-13 23:13:23;399.9;2;2025-06-13
332;maq002;OP00224;2025-06-13 23:13:24;393.9;2;2025-06-13
333;maq002;OP00224;2025-06-13 23:13:24;370.0;2;2025-06-13
334;maq002;OP00224;2025-06-13 23:13:25;326.9;2;2025-06-13
335;maq002;OP00224;2025-06-13 23:13:25;285.0;2;2025-06-13
336;maq002;OP00224;2025-06-13 23:13:26;245.9;2;2025-06-13
337;maq002;OP00224;2025-06-13 23:13:26;218.0;2;2025-06-13
338;maq002;OP00224;2025-06-13 23:13:27;140.9;2;2025-06-13
339;maq002;OP00224;2025-06-13 23:13:27;70.0;2;2025-06-13
340;maq002;OP00224;2025-06-13 23:13:28;35.0;2;2025-06-13
341;maq002;OP00224;2025-06-13 23:13:28;2.0;3;2025-06-13
342;maq002;OP00224;2025-06-13 23:13:29;2.0;3;2025-06-13
343;maq002;OP00224;2025-06-13 23:13:29;31.0;3;2025-06-13
344;maq002;OP00224;2025-06-13 23:13:30;105.0;3;2025-06-13
345;maq002;OP00224;2025-06-13 23:13:30;143.9;3;2025-06-13
346;maq002;OP00224;2025-06-13 23:13:31;175.9;3;2025-06-13
347;maq002;OP00224;2025-06-13 23:13:31;252.9;3;2025-06-13
348;maq002;OP00224;2025-06-13 23:13:32;299.0;3;2025-06-13
349;maq002;OP00224;2025-06-13 23:13:33;366.0;3;2025-06-13
350;maq002;OP00224;2025-06-13 23:13:33;399.9;3;2025-06-13
351;maq002;OP00224;2025-06-13 23:13:34;344.9;3;2025-06-13
352;maq002;OP00224;2025-06-13 23:13:34;302.9;3;2025-06-13
353;maq002;OP00224;2025-06-13 23:13:35;271.0;3;2025-06-13
354;maq002;OP00224;2025-06-13 23:13:35;222.0;3;2025-06-13
355;maq002;OP00224;2025-06-13 23:13:36;179.0;3;2025-06-13
356;maq002;OP00224;2025-06-13 23:13:36;148.0;3;2025-06-13
357;maq002;OP00224;2025-06-13 23:13:37;81.0;3;2025-06-13
358;maq002;OP00224;2025-06-13 23:13:37;53.0;3;2025-06-13
359;maq002;OP00224;2025-06-13 23:13:38;17.0;3;2025-06-13
360;maq002;OP00224;2025-06-13 23:13:38;2.0;4;2025-06-13
361;maq002;OP00224;2025-06-13 23:13:39;49.0;4;2025-06-13
362;maq002;OP00224;2025-06-13 23:13:39;105.0;4;2025-06-13
363;maq002;OP00224;2025-06-13 23:13:40;150.9;4;2025-06-13
364;maq002;OP00224;2025-06-13 23:13:40;208.0;4;2025-06-13
365;maq002;OP00224;2025-06-13 23:13:41;278.0;4;2025-06-13
366;maq002;OP00224;2025-06-13 23:13:41;362.9;4;2025-06-13
367;maq002;OP00224;2025-06-13 23:13:42;400.0;4;2025-06-13
368;maq002;OP00224;2025-06-13 23:13:42;313.0;4;2025-06-13
369;maq002;OP00224;2025-06-13 23:13:43;229.0;4;2025-06-13
370;maq002;OP00224;2025-06-13 23:13:43;150.9;4;2025-06-13
371;maq002;OP00224;2025-06-13 23:13:44;119.9;4;2025-06-13
372;maq002;OP00224;2025-06-13 23:13:44;49.0;4;2025-06-13
373;maq002;OP00224;2025-06-13 23:13:45;2.0;5;2025-06-13
374;maq002;OP00224;2025-06-13 23:13:45;21.0;5;2025-06-13
375;maq002;OP00224;2025-06-13 23:13:46;95.0;5;2025-06-13
376;maq002;OP00224;2025-06-13 23:13:46;144.0;5;2025-06-13
377;maq002;OP00224;2025-06-13 23:13:47;204.0;5;2025-06-13
378;maq002;OP00224;2025-06-13 23:13:47;270.9;5;2025-06-13
379;maq002;OP00224;2025-06-13 23:13:48;340.9;5;2025-06-13
380;maq002;OP00224;2025-06-13 23:13:48;372.9;5;2025-06-13
381;maq002;OP00224;2025-06-13 23:13:49;399.9;5;2025-06-13
382;maq002;OP00224;2025-06-13 23:13:49;317.0;5;2025-06-13
383;maq002;OP00224;2025-06-13 23:13:50;257.0;5;2025-06-13
384;maq002;OP00224;2025-06-13 23:13:50;179.0;5;2025-06-13
385;maq002;OP00224;2025-06-13 23:13:51;116.0;5;2025-06-13
386;maq002;OP00224;2025-06-13 23:13:51;56.0;5;2025-06-13
387;maq002;OP00224;2025-06-13 23:13:52;35.0;5;2025-06-13
388;maq002;OP00224;2025-06-13 23:13:52;2.0;6;2025-06-13
389;maq002;OP00224;2025-06-13 23:13:53;2.0;6;2025-06-13
390;maq002;OP00221;2025-06-13 23:14:18;2.0;0;2025-06-13
391;maq002;OP00221;2025-06-13 23:14:18;2.0;0;2025-06-13
392;maq002;OP00221;2025-06-13 23:14:19;2.0;0;2025-06-13
393;maq002;OP00221;2025-06-13 23:14:19;2.0;0;2025-06-13
394;maq002;OP00221;2025-06-13 23:14:20;2.0;0;2025-06-13
395;maq002;OP00221;2025-06-13 23:14:20;7.0;0;2025-06-13
396;maq002;OP00221;2025-06-13 23:14:21;123.0;0;2025-06-13
397;maq002;OP00221;2025-06-13 23:14:21;196.9;0;2025-06-13
398;maq002;OP00221;2025-06-13 23:14:22;225.0;0;2025-06-13
399;maq002;OP00221;2025-06-13 23:14:22;259.9;0;2025-06-13
400;maq002;OP00221;2025-06-13 23:14:23;282.0;0;2025-06-13
401;maq002;OP00221;2025-06-13 23:14:23;362.9;0;2025-06-13
402;maq002;OP00221;2025-06-13 23:14:24;400.0;0;2025-06-13
403;maq002;OP00221;2025-06-13 23:14:24;245.9;0;2025-06-13
404;maq002;OP00221;2025-06-13 23:14:25;74.0;0;2025-06-13
405;maq002;OP00221;2025-06-13 23:14:25;2.0;1;2025-06-13
406;maq002;OP00221;2025-06-13 23:14:26;42.0;1;2025-06-13
407;maq002;OP00221;2025-06-13 23:14:26;190.0;1;2025-06-13
408;maq002;OP00221;2025-06-13 23:14:27;344.9;1;2025-06-13
409;maq002;OP00221;2025-06-13 23:14:27;306.0;1;2025-06-13
410;maq002;OP00221;2025-06-13 23:14:28;178.9;1;2025-06-13
411;maq002;OP00221;2025-06-13 23:14:28;97.9;1;2025-06-13
412;maq002;OP00221;2025-06-13 23:14:29;2.0;2;2025-06-13
413;maq002;OP00221;2025-06-13 23:14:29;56.0;2;2025-06-13
414;maq002;OP00221;2025-06-13 23:14:30;263.9;2;2025-06-13
415;maq002;OP00221;2025-06-13 23:14:30;399.9;2;2025-06-13
416;maq002;OP00221;2025-06-13 23:14:31;252.9;2;2025-06-13
417;maq002;OP00221;2025-06-13 23:14:31;148.0;2;2025-06-13
418;maq002;OP00221;2025-06-13 23:14:32;39.0;2;2025-06-13
419;maq002;OP00221;2025-06-13 23:14:33;137.0;2;2025-06-13
420;maq002;OP00221;2025-06-13 23:14:33;312.9;2;2025-06-13
421;maq002;OP00221;2025-06-13 23:14:34;399.9;2;2025-06-13
422;maq002;OP00221;2025-06-13 23:14:34;175.9;2;2025-06-13
423;maq002;OP00221;2025-06-13 23:14:35;81.0;2;2025-06-13
424;maq002;OP00221;2025-06-13 23:14:35;2.0;3;2025-06-13
425;maq002;OP00221;2025-06-13 23:14:36;63.0;3;2025-06-13
426;maq002;OP00221;2025-06-13 23:14:36;238.9;3;2025-06-13
427;maq002;OP00221;2025-06-13 23:14:37;380.0;3;2025-06-13
428;maq002;OP00221;2025-06-13 23:14:37;309.9;3;2025-06-13
429;maq002;OP00221;2025-06-13 23:14:38;161.9;3;2025-06-13
430;maq002;OP00221;2025-06-13 23:14:38;56.0;3;2025-06-13
431;maq002;OP00221;2025-06-13 23:14:39;2.0;4;2025-06-13
432;maq002;OP00221;2025-06-13 23:14:39;150.9;4;2025-06-13
433;maq002;OP00221;2025-06-13 23:14:40;292.0;4;2025-06-13
434;maq002;OP00221;2025-06-13 23:14:40;380.0;4;2025-06-13
435;maq002;OP00221;2025-06-13 23:14:41;263.9;4;2025-06-13
436;maq002;OP00221;2025-06-13 23:14:41;77.0;4;2025-06-13
437;maq002;OP00221;2025-06-13 23:14:42;2.0;5;2025-06-13
438;maq002;OP00221;2025-06-13 23:14:42;31.0;5;2025-06-13
439;maq002;OP00221;2025-06-13 23:14:43;201.0;5;2025-06-13
440;maq002;OP00221;2025-06-13 23:14:43;344.9;5;2025-06-13
441;maq002;OP00221;2025-06-13 23:14:44;393.9;5;2025-06-13
442;maq002;OP00221;2025-06-13 23:14:44;242.9;5;2025-06-13
443;maq002;OP00221;2025-06-13 23:14:45;113.1;5;2025-06-13
444;maq002;OP00221;2025-06-13 23:14:45;31.0;5;2025-06-13
445;maq002;OP00221;2025-06-13 23:14:46;3.0;6;2025-06-13
446;maq002;OP00221;2025-06-13 23:14:46;175.9;6;2025-06-13
447;maq002;OP00221;2025-06-13 23:14:47;299.0;6;2025-06-13
448;maq002;OP00221;2025-06-13 23:14:47;390.9;6;2025-06-13
449;maq002;OP00221;2025-06-13 23:14:48;317.0;6;2025-06-13
450;maq002;OP00221;2025-06-13 23:14:48;201.0;6;2025-06-13
451;maq002;OP00221;2025-06-13 23:14:49;66.9;6;2025-06-13
452;maq002;OP00221;2025-06-13 23:14:49;2.0;7;2025-06-13
453;maq002;OP00221;2025-06-13 23:14:50;105.0;7;2025-06-13
454;maq002;OP00221;2025-06-13 23:14:50;271.0;7;2025-06-13
455;maq002;OP00221;2025-06-13 23:14:51;344.9;7;2025-06-13
456;maq002;OP00221;2025-06-13 23:14:51;399.9;7;2025-06-13
457;maq002;OP00221;2025-06-13 23:14:52;236.0;7;2025-06-13
458;maq002;OP00221;2025-06-13 23:14:52;87.9;7;2025-06-13
459;maq002;OP00221;2025-06-13 23:14:53;21.0;7;2025-06-13
460;maq002;OP00221;2025-06-13 23:14:53;42.0;7;2025-06-13
461;maq002;OP00221;2025-06-13 23:14:54;183.0;7;2025-06-13
462;maq002;OP00221;2025-06-13 23:14:55;323.9;7;2025-06-13
463;maq002;OP00221;2025-06-13 23:14:55;399.9;7;2025-06-13
464;maq002;OP00221;2025-06-13 23:14:56;399.9;7;2025-06-13
465;maq002;OP00221;2025-06-13 23:26:58;400.0;0;2025-06-13
466;maq002;OP00221;2025-06-13 23:26:58;399.9;0;2025-06-13
467;maq002;OP00221;2025-06-13 23:26:59;400.0;0;2025-06-13
468;maq002;OP00221;2025-06-13 23:26:59;399.9;0;2025-06-13
469;maq002;OP00221;2025-06-13 23:27:00;399.9;0;2025-06-13
470;maq002;OP00221;2025-06-13 23:27:00;399.9;0;2025-06-13
471;maq002;OP00221;2025-06-13 23:27:01;400.0;0;2025-06-13
472;maq002;OP00221;2025-06-13 23:27:01;399.9;0;2025-06-13
473;maq002;OP00221;2025-06-13 23:27:02;399.9;0;2025-06-13
474;maq002;OP00221;2025-06-13 23:27:02;399.9;0;2025-06-13
475;maq002;OP00221;2025-06-13 23:27:03;400.0;0;2025-06-13
476;maq002;OP00221;2025-06-13 23:27:03;399.9;0;2025-06-13
477;maq002;OP00221;2025-06-13 23:27:04;399.9;0;2025-06-13
